target,feature_group,fold,model,candidate,rmse,mae,directional_accuracy,rows
ADRO.JK,E0,fold1,zero_return_naive,,0.03754649649645125,0.026940817408260473,0.11570247933884298,242
ADRO.JK,E0,fold1,xgboost,depth2_lr005,0.03783891136331155,0.027685985671072548,0.45454545454545453,242
ADRO.JK,E0,fold1,xgboost,depth3_lr003,0.03768051836446923,0.027536869414979626,0.45454545454545453,242
ADRO.JK,E0,fold2,zero_return_naive,,0.026479142737649262,0.019177519004431168,0.08097165991902834,247
ADRO.JK,E0,fold2,xgboost,depth2_lr005,0.026656534196221174,0.01936030682534944,0.4574898785425101,247
ADRO.JK,E0,fold2,xgboost,depth3_lr003,0.026779362455943645,0.019570586306941234,0.46153846153846156,247
ADRO.JK,E0,fold3,zero_return_naive,,0.028462477154743846,0.020236211051868284,0.10569105691056911,246
ADRO.JK,E0,fold3,xgboost,depth2_lr005,0.028544995083053398,0.020329813503304844,0.4715447154471545,246
ADRO.JK,E0,fold3,xgboost,depth3_lr003,0.02841395690957182,0.020311111385227662,0.4878048780487805,246
ADRO.JK,E0,fold1,gru,lookback5_hidden16,0.03760629973323529,0.027042803130389675,0.4214876033057851,242
ADRO.JK,E0,fold2,gru,lookback5_hidden16,0.02639182132458674,0.019311364957646123,0.4574898785425101,247
ADRO.JK,E0,fold3,gru,lookback5_hidden16,0.0283921810356104,0.020342090047850477,0.47560975609756095,246
ADRO.JK,E0,fold1,gru,lookback10_hidden32,0.037544280565772435,0.027149947668273725,0.4214876033057851,242
ADRO.JK,E0,fold2,gru,lookback10_hidden32,0.026322103136340643,0.019248122398398425,0.47368421052631576,247
ADRO.JK,E0,fold3,gru,lookback10_hidden32,0.02838698034380739,0.02035413052682288,0.483739837398374,246
ADRO.JK,E0,fold1,transformer,lookback5_d16_heads2_ff32,0.03759243265734567,0.027292770218856493,0.40082644628099173,242
ADRO.JK,E0,fold2,transformer,lookback5_d16_heads2_ff32,0.026336586825515,0.0193380711777871,0.4574898785425101,247
ADRO.JK,E0,fold3,transformer,lookback5_d16_heads2_ff32,0.028390148156913545,0.02042747215780513,0.4796747967479675,246
ADRO.JK,E0,fold1,transformer,lookback10_d32_heads4_ff64,0.037441640162166195,0.026904171223517445,0.45041322314049587,242
ADRO.JK,E0,fold2,transformer,lookback10_d32_heads4_ff64,0.02646198950813037,0.019475997156729385,0.4534412955465587,247
ADRO.JK,E0,fold3,transformer,lookback10_d32_heads4_ff64,0.028357521888922838,0.02027864356518617,0.491869918699187,246
ADRO.JK,E1,fold1,zero_return_naive,,0.03754649649645125,0.026940817408260473,0.11570247933884298,242
ADRO.JK,E1,fold1,xgboost,depth2_lr005,0.038191470697798026,0.027609483670137637,0.44214876033057854,242
ADRO.JK,E1,fold1,xgboost,depth3_lr003,0.03837081089143258,0.027863640836544936,0.45041322314049587,242
ADRO.JK,E1,fold2,zero_return_naive,,0.026479142737649262,0.019177519004431168,0.08097165991902834,247
ADRO.JK,E1,fold2,xgboost,depth2_lr005,0.026667431641995476,0.01933888493083645,0.4898785425101215,247
ADRO.JK,E1,fold2,xgboost,depth3_lr003,0.026974516339030828,0.0196195580633951,0.48582995951417,247
ADRO.JK,E1,fold3,zero_return_naive,,0.028462477154743846,0.020236211051868284,0.10569105691056911,246
ADRO.JK,E1,fold3,xgboost,depth2_lr005,0.028706915317518535,0.02056294295977801,0.4634146341463415,246
ADRO.JK,E1,fold3,xgboost,depth3_lr003,0.028738610316980554,0.020514533593855227,0.4878048780487805,246
ADRO.JK,E1,fold1,gru,lookback5_hidden16,0.03746247971060217,0.02707679833219125,0.4297520661157025,242
ADRO.JK,E1,fold2,gru,lookback5_hidden16,0.02642233056049322,0.01930179816943137,0.46558704453441296,247
ADRO.JK,E1,fold3,gru,lookback5_hidden16,0.028394752858734527,0.02027999161722752,0.47560975609756095,246
ADRO.JK,E1,fold1,gru,lookback10_hidden32,0.03759532915429708,0.02711375633303715,0.4132231404958678,242
ADRO.JK,E1,fold2,gru,lookback10_hidden32,0.026389044893371044,0.019256731087807566,0.46153846153846156,247
ADRO.JK,E1,fold3,gru,lookback10_hidden32,0.028391021287777683,0.020247540126244228,0.47560975609756095,246
ADRO.JK,E1,fold1,transformer,lookback5_d16_heads2_ff32,0.03761225212813652,0.02740813626557558,0.4256198347107438,242
ADRO.JK,E1,fold2,transformer,lookback5_d16_heads2_ff32,0.02674648065714722,0.01969925085740609,0.4008097165991903,247
ADRO.JK,E1,fold3,transformer,lookback5_d16_heads2_ff32,0.028471816850673935,0.020287154014771273,0.4796747967479675,246
ADRO.JK,E1,fold1,transformer,lookback10_d32_heads4_ff64,0.03748799514278143,0.02728037784825664,0.4834710743801653,242
ADRO.JK,E1,fold2,transformer,lookback10_d32_heads4_ff64,0.026624444684001197,0.01973439456337897,0.46153846153846156,247
ADRO.JK,E1,fold3,transformer,lookback10_d32_heads4_ff64,0.02845123184606182,0.020344099240487336,0.46747967479674796,246
ADRO.JK,E2,fold1,zero_return_naive,,0.03754649649645125,0.026940817408260473,0.11570247933884298,242
ADRO.JK,E2,fold1,xgboost,depth2_lr005,0.03804426408287098,0.02769352038002186,0.47520661157024796,242
ADRO.JK,E2,fold1,xgboost,depth3_lr003,0.03798073388186326,0.027531174513608394,0.49586776859504134,242
ADRO.JK,E2,fold2,zero_return_naive,,0.026479142737649262,0.019177519004431168,0.08097165991902834,247
ADRO.JK,E2,fold2,xgboost,depth2_lr005,0.026637319248736364,0.01932013242584845,0.38461538461538464,247
ADRO.JK,E2,fold2,xgboost,depth3_lr003,0.026736271414584158,0.01930186075230667,0.4493927125506073,247
ADRO.JK,E2,fold3,zero_return_naive,,0.028462477154743846,0.020236211051868284,0.10569105691056911,246
ADRO.JK,E2,fold3,xgboost,depth2_lr005,0.02857476313099488,0.020450366614242325,0.4715447154471545,246
ADRO.JK,E2,fold3,xgboost,depth3_lr003,0.02854711889292471,0.02049437074150574,0.4634146341463415,246
ADRO.JK,E2,fold1,gru,lookback5_hidden16,0.03689559444508362,0.026757723669144362,0.5041322314049587,242
ADRO.JK,E2,fold2,gru,lookback5_hidden16,0.026388338450616625,0.01941519159223198,0.46558704453441296,247
ADRO.JK,E2,fold3,gru,lookback5_hidden16,0.028112246124816293,0.020169009279452144,0.4959349593495935,246
ADRO.JK,E2,fold1,gru,lookback10_hidden32,0.03683864717103537,0.026911097141906374,0.4834710743801653,242
ADRO.JK,E2,fold2,gru,lookback10_hidden32,0.026434090504747265,0.019350938857410495,0.44129554655870445,247
ADRO.JK,E2,fold3,gru,lookback10_hidden32,0.02810965502789393,0.02018736575458509,0.4715447154471545,246
ADRO.JK,E2,fold1,transformer,lookback5_d16_heads2_ff32,0.036918103305788236,0.026999821430139535,0.4628099173553719,242
ADRO.JK,E2,fold2,transformer,lookback5_d16_heads2_ff32,0.0267413588108741,0.019855188717924223,0.47368421052631576,247
ADRO.JK,E2,fold3,transformer,lookback5_d16_heads2_ff32,0.028234541043674843,0.020484692147342352,0.4715447154471545,246
ADRO.JK,E2,fold1,transformer,lookback10_d32_heads4_ff64,0.037141575575446555,0.02704221645152689,0.4834710743801653,242
ADRO.JK,E2,fold2,transformer,lookback10_d32_heads4_ff64,0.026500927155706802,0.019402575267192263,0.4493927125506073,247
ADRO.JK,E2,fold3,transformer,lookback10_d32_heads4_ff64,0.028244415079533198,0.020188221172950178,0.508130081300813,246
ADRO.JK,E3,fold1,zero_return_naive,,0.03754649649645125,0.026940817408260473,0.11570247933884298,242
ADRO.JK,E3,fold1,xgboost,depth2_lr005,0.03895926531444972,0.028254824919250795,0.49173553719008267,242
ADRO.JK,E3,fold1,xgboost,depth3_lr003,0.03891178407131757,0.028021877518335948,0.4834710743801653,242
ADRO.JK,E3,fold2,zero_return_naive,,0.026479142737649262,0.019177519004431168,0.08097165991902834,247
ADRO.JK,E3,fold2,xgboost,depth2_lr005,0.02672086573862617,0.019389598523722986,0.4574898785425101,247
ADRO.JK,E3,fold2,xgboost,depth3_lr003,0.026847251700723884,0.019564954648065094,0.4534412955465587,247
ADRO.JK,E3,fold3,zero_return_naive,,0.028462477154743846,0.020236211051868284,0.10569105691056911,246
ADRO.JK,E3,fold3,xgboost,depth2_lr005,0.028471984774242932,0.020424787298018336,0.4715447154471545,246
ADRO.JK,E3,fold3,xgboost,depth3_lr003,0.02876954185255789,0.020686454956247397,0.4715447154471545,246
ADRO.JK,E3,fold1,gru,lookback5_hidden16,0.037405511018577364,0.027023139118201537,0.45867768595041325,242
ADRO.JK,E3,fold2,gru,lookback5_hidden16,0.02639902969139242,0.019292148832620124,0.4574898785425101,247
ADRO.JK,E3,fold3,gru,lookback5_hidden16,0.02811751594160252,0.02030291455055822,0.4878048780487805,246
ADRO.JK,E3,fold1,gru,lookback10_hidden32,0.03704918282041762,0.02685461261969691,0.45041322314049587,242
ADRO.JK,E3,fold2,gru,lookback10_hidden32,0.026372490311225176,0.01924824949800742,0.46963562753036436,247
ADRO.JK,E3,fold3,gru,lookback10_hidden32,0.028111078971301936,0.020235850102820894,0.4715447154471545,246
ADRO.JK,E3,fold1,transformer,lookback5_d16_heads2_ff32,0.03751739328150134,0.027249774346724615,0.4462809917355372,242
ADRO.JK,E3,fold2,transformer,lookback5_d16_heads2_ff32,0.026667483526310445,0.019586219674547538,0.47368421052631576,247
ADRO.JK,E3,fold3,transformer,lookback5_d16_heads2_ff32,0.028201988238415434,0.020105060016522486,0.516260162601626,246
ADRO.JK,E3,fold1,transformer,lookback10_d32_heads4_ff64,0.037427320302629394,0.027359181922458283,0.45454545454545453,242
ADRO.JK,E3,fold2,transformer,lookback10_d32_heads4_ff64,0.02656455321951791,0.01945879535965418,0.47368421052631576,247
ADRO.JK,E3,fold3,transformer,lookback10_d32_heads4_ff64,0.028435010895318517,0.020327104996639964,0.43902439024390244,246
PTBA.JK,E0,fold1,zero_return_naive,,0.03641541495102858,0.024780593794197357,0.07851239669421488,242
PTBA.JK,E0,fold1,xgboost,depth2_lr005,0.03554017774687447,0.024511195250003365,0.5,242
PTBA.JK,E0,fold1,xgboost,depth3_lr003,0.03597353808576283,0.024669450433972628,0.4793388429752066,242
PTBA.JK,E0,fold2,zero_return_naive,,0.021932072031029953,0.016053328058668898,0.11740890688259109,247
PTBA.JK,E0,fold2,xgboost,depth2_lr005,0.02206100769366522,0.01634644330031453,0.4251012145748988,247
PTBA.JK,E0,fold2,xgboost,depth3_lr003,0.02225329807947953,0.016549735971998537,0.44534412955465585,247
PTBA.JK,E0,fold3,zero_return_naive,,0.02301135715103642,0.01592736084936993,0.07317073170731707,246
PTBA.JK,E0,fold3,xgboost,depth2_lr005,0.0236384225977549,0.016117782028344227,0.491869918699187,246
PTBA.JK,E0,fold3,xgboost,depth3_lr003,0.02404351577657221,0.016338831577404338,0.4796747967479675,246
PTBA.JK,E0,fold1,gru,lookback5_hidden16,0.03627200881894655,0.02484515019353818,0.45454545454545453,242
PTBA.JK,E0,fold2,gru,lookback5_hidden16,0.021951562510669195,0.016134268628020473,0.42105263157894735,247
PTBA.JK,E0,fold3,gru,lookback5_hidden16,0.022892931480198855,0.01585413435189152,0.516260162601626,246
PTBA.JK,E0,fold1,gru,lookback10_hidden32,0.036274351295257246,0.024839506192808232,0.45454545454545453,242
PTBA.JK,E0,fold2,gru,lookback10_hidden32,0.021942085473203705,0.01619684319780114,0.44129554655870445,247
PTBA.JK,E0,fold3,gru,lookback10_hidden32,0.02290765839223607,0.015802517428954426,0.532520325203252,246
PTBA.JK,E0,fold1,transformer,lookback5_d16_heads2_ff32,0.036280274588894525,0.024893617915799686,0.47107438016528924,242
PTBA.JK,E0,fold2,transformer,lookback5_d16_heads2_ff32,0.021903928656886982,0.016058757222730757,0.46558704453441296,247
PTBA.JK,E0,fold3,transformer,lookback5_d16_heads2_ff32,0.02291678711202657,0.015922217751470794,0.516260162601626,246
PTBA.JK,E0,fold1,transformer,lookback10_d32_heads4_ff64,0.03602800768840696,0.025005620227903435,0.44214876033057854,242
PTBA.JK,E0,fold2,transformer,lookback10_d32_heads4_ff64,0.021967501640479736,0.016192559781814227,0.3967611336032389,247
PTBA.JK,E0,fold3,transformer,lookback10_d32_heads4_ff64,0.022944694010186815,0.015937598745624452,0.491869918699187,246
PTBA.JK,E1,fold1,zero_return_naive,,0.03641541495102858,0.024780593794197357,0.07851239669421488,242
PTBA.JK,E1,fold1,xgboost,depth2_lr005,0.03589636080665947,0.024583643362698093,0.5289256198347108,242
PTBA.JK,E1,fold1,xgboost,depth3_lr003,0.03635393409556917,0.024924018770959313,0.5165289256198347,242
PTBA.JK,E1,fold2,zero_return_naive,,0.021932072031029953,0.016053328058668898,0.11740890688259109,247
PTBA.JK,E1,fold2,xgboost,depth2_lr005,0.02220847686624972,0.016372081428084207,0.44129554655870445,247
PTBA.JK,E1,fold2,xgboost,depth3_lr003,0.022434253296682565,0.016586231698300632,0.4331983805668016,247
PTBA.JK,E1,fold3,zero_return_naive,,0.02301135715103642,0.01592736084936993,0.07317073170731707,246
PTBA.JK,E1,fold3,xgboost,depth2_lr005,0.023368222692285185,0.01619863841912551,0.483739837398374,246
PTBA.JK,E1,fold3,xgboost,depth3_lr003,0.023552056363148423,0.016265482172205917,0.4796747967479675,246
PTBA.JK,E1,fold1,gru,lookback5_hidden16,0.03609213689781403,0.024526813245726718,0.5247933884297521,242
PTBA.JK,E1,fold2,gru,lookback5_hidden16,0.021953746663269953,0.016197317989207503,0.4331983805668016,247
PTBA.JK,E1,fold3,gru,lookback5_hidden16,0.022909668598153646,0.015882047375463466,0.516260162601626,246
PTBA.JK,E1,fold1,gru,lookback10_hidden32,0.036161406398090706,0.024519116859950417,0.5082644628099173,242
PTBA.JK,E1,fold2,gru,lookback10_hidden32,0.021942163270899026,0.016214847420945554,0.44534412955465585,247
PTBA.JK,E1,fold3,gru,lookback10_hidden32,0.022883477919462453,0.01585924061161004,0.5121951219512195,246
PTBA.JK,E1,fold1,transformer,lookback5_d16_heads2_ff32,0.03593925482014626,0.024453106026255625,0.512396694214876,242
PTBA.JK,E1,fold2,transformer,lookback5_d16_heads2_ff32,0.022043705125543777,0.016199947159260375,0.4493927125506073,247
PTBA.JK,E1,fold3,transformer,lookback5_d16_heads2_ff32,0.023043706100334693,0.01597428447197805,0.4959349593495935,246
PTBA.JK,E1,fold1,transformer,lookback10_d32_heads4_ff64,0.03586351689929849,0.024449378971447243,0.5413223140495868,242
PTBA.JK,E1,fold2,transformer,lookback10_d32_heads4_ff64,0.022067802638378934,0.016257345210760832,0.44129554655870445,247
PTBA.JK,E1,fold3,transformer,lookback10_d32_heads4_ff64,0.023102379395868514,0.01601085797490787,0.4959349593495935,246
PTBA.JK,E2,fold1,zero_return_naive,,0.03641541495102858,0.024780593794197357,0.07851239669421488,242
PTBA.JK,E2,fold1,xgboost,depth2_lr005,0.03554962000501624,0.024756399946336296,0.5082644628099173,242
PTBA.JK,E2,fold1,xgboost,depth3_lr003,0.03546241613521837,0.02495169848708239,0.512396694214876,242
PTBA.JK,E2,fold2,zero_return_naive,,0.021932072031029953,0.016053328058668898,0.11740890688259109,247
PTBA.JK,E2,fold2,xgboost,depth2_lr005,0.022152246420459393,0.016379005168205035,0.4251012145748988,247
PTBA.JK,E2,fold2,xgboost,depth3_lr003,0.02227951283165858,0.01652373579624868,0.41295546558704455,247
PTBA.JK,E2,fold3,zero_return_naive,,0.02301135715103642,0.01592736084936993,0.07317073170731707,246
PTBA.JK,E2,fold3,xgboost,depth2_lr005,0.02370756016451566,0.016351489510116682,0.44308943089430897,246
PTBA.JK,E2,fold3,xgboost,depth3_lr003,0.023913285599229533,0.016452614394999947,0.45528455284552843,246
PTBA.JK,E2,fold1,gru,lookback5_hidden16,0.03582583309362887,0.024674931226475242,0.5,242
PTBA.JK,E2,fold2,gru,lookback5_hidden16,0.02200460163785155,0.016252784714289387,0.44129554655870445,247
PTBA.JK,E2,fold3,gru,lookback5_hidden16,0.022884252581554985,0.01588591509399277,0.5203252032520326,246
PTBA.JK,E2,fold1,gru,lookback10_hidden32,0.03561892675750507,0.02471142877682212,0.48760330578512395,242
PTBA.JK,E2,fold2,gru,lookback10_hidden32,0.022057643373533078,0.016202235643880118,0.41700404858299595,247
PTBA.JK,E2,fold3,gru,lookback10_hidden32,0.022895871200704247,0.015895957816477364,0.5121951219512195,246
PTBA.JK,E2,fold1,transformer,lookback5_d16_heads2_ff32,0.03627288518381956,0.025129088086378183,0.4834710743801653,242
PTBA.JK,E2,fold2,transformer,lookback5_d16_heads2_ff32,0.021863975425002718,0.01619231085050738,0.46558704453441296,247
PTBA.JK,E2,fold3,transformer,lookback5_d16_heads2_ff32,0.023329001628678223,0.01618049242741966,0.5,246
PTBA.JK,E2,fold1,transformer,lookback10_d32_heads4_ff64,0.0361550112983275,0.024966725285361282,0.45454545454545453,242
PTBA.JK,E2,fold2,transformer,lookback10_d32_heads4_ff64,0.021911920006384276,0.016167861971059655,0.46963562753036436,247
PTBA.JK,E2,fold3,transformer,lookback10_d32_heads4_ff64,0.02283341662423311,0.015820947097381577,0.516260162601626,246
PTBA.JK,E3,fold1,zero_return_naive,,0.03641541495102858,0.024780593794197357,0.07851239669421488,242
PTBA.JK,E3,fold1,xgboost,depth2_lr005,0.03565325920668258,0.02476619009227069,0.5206611570247934,242
PTBA.JK,E3,fold1,xgboost,depth3_lr003,0.036490894990981154,0.02517590965209526,0.5,242
PTBA.JK,E3,fold2,zero_return_naive,,0.021932072031029953,0.016053328058668898,0.11740890688259109,247
PTBA.JK,E3,fold2,xgboost,depth2_lr005,0.02227185095470472,0.016405579945358538,0.4493927125506073,247
PTBA.JK,E3,fold2,xgboost,depth3_lr003,0.022490741015924753,0.016532004560847628,0.42105263157894735,247
PTBA.JK,E3,fold3,zero_return_naive,,0.02301135715103642,0.01592736084936993,0.07317073170731707,246
PTBA.JK,E3,fold3,xgboost,depth2_lr005,0.023769636838277507,0.016345764309791403,0.44308943089430897,246
PTBA.JK,E3,fold3,xgboost,depth3_lr003,0.02395958917412411,0.016561697955307778,0.45934959349593496,246
PTBA.JK,E3,fold1,gru,lookback5_hidden16,0.035787754037702305,0.024501154199242592,0.5,242
PTBA.JK,E3,fold2,gru,lookback5_hidden16,0.021889703956219954,0.016112453952527826,0.4291497975708502,247
PTBA.JK,E3,fold3,gru,lookback5_hidden16,0.02299951161453977,0.015924037820082233,0.4796747967479675,246
PTBA.JK,E3,fold1,gru,lookback10_hidden32,0.03528917295971227,0.024232132208566296,0.5289256198347108,242
PTBA.JK,E3,fold2,gru,lookback10_hidden32,0.02204866524729323,0.016205089963993308,0.4291497975708502,247
PTBA.JK,E3,fold3,gru,lookback10_hidden32,0.02297279170484973,0.015933688827724068,0.5040650406504065,246
PTBA.JK,E3,fold1,transformer,lookback5_d16_heads2_ff32,0.03579571859989773,0.024374310019828208,0.512396694214876,242
PTBA.JK,E3,fold2,transformer,lookback5_d16_heads2_ff32,0.02205897677933377,0.016266082720793332,0.42105263157894735,247
PTBA.JK,E3,fold3,transformer,lookback5_d16_heads2_ff32,0.022974027141168685,0.015931880290854752,0.4959349593495935,246
PTBA.JK,E3,fold1,transformer,lookback10_d32_heads4_ff64,0.036196187937013624,0.024381328304394434,0.49173553719008267,242
PTBA.JK,E3,fold2,transformer,lookback10_d32_heads4_ff64,0.022565589700031315,0.01650601772281345,0.44129554655870445,247
PTBA.JK,E3,fold3,transformer,lookback10_d32_heads4_ff64,0.02308794885404245,0.015959868254187343,0.5,246
ITMG.JK,E0,fold1,zero_return_naive,,0.03348721492052905,0.023380197011226237,0.06198347107438017,242
ITMG.JK,E0,fold1,xgboost,depth2_lr005,0.03346522760555227,0.024193251081407113,0.45454545454545453,242
ITMG.JK,E0,fold1,xgboost,depth3_lr003,0.033639510946142294,0.0243022668249743,0.4628099173553719,242
ITMG.JK,E0,fold2,zero_return_naive,,0.0288905492071153,0.021081356962732858,0.024291497975708502,247
ITMG.JK,E0,fold2,xgboost,depth2_lr005,0.02991786466270257,0.021767362175264184,0.4898785425101215,247
ITMG.JK,E0,fold2,xgboost,depth3_lr003,0.03011420727923589,0.021979748438328964,0.47368421052631576,247
ITMG.JK,E0,fold3,zero_return_naive,,0.02569605960013185,0.01865717503035267,0.036585365853658534,246
ITMG.JK,E0,fold3,xgboost,depth2_lr005,0.02566353243189813,0.018671853386366438,0.4796747967479675,246
ITMG.JK,E0,fold3,xgboost,depth3_lr003,0.025811115477992298,0.018770225640815066,0.5040650406504065,246
ITMG.JK,E0,fold1,gru,lookback5_hidden16,0.03325636469942891,0.02335277924574873,0.4834710743801653,242
ITMG.JK,E0,fold2,gru,lookback5_hidden16,0.028883579172620952,0.02115329811118566,0.48582995951417,247
ITMG.JK,E0,fold3,gru,lookback5_hidden16,0.02556278093105722,0.01866045758379926,0.5203252032520326,246
ITMG.JK,E0,fold1,gru,lookback10_hidden32,0.03311895728992903,0.023252996939093967,0.49586776859504134,242
ITMG.JK,E0,fold2,gru,lookback10_hidden32,0.028853677239578518,0.0211453767576319,0.4817813765182186,247
ITMG.JK,E0,fold3,gru,lookback10_hidden32,0.025564316992852564,0.01860345022803044,0.532520325203252,246
ITMG.JK,E0,fold1,transformer,lookback5_d16_heads2_ff32,0.03324134496350782,0.023393708254279923,0.4793388429752066,242
ITMG.JK,E0,fold2,transformer,lookback5_d16_heads2_ff32,0.028973020130640938,0.021323240118436816,0.4777327935222672,247
ITMG.JK,E0,fold3,transformer,lookback5_d16_heads2_ff32,0.02551961269536596,0.018612583456286493,0.532520325203252,246
ITMG.JK,E0,fold1,transformer,lookback10_d32_heads4_ff64,0.033430515273023924,0.02355237335591069,0.45867768595041325,242
ITMG.JK,E0,fold2,transformer,lookback10_d32_heads4_ff64,0.029103187654097817,0.02124377270511951,0.5182186234817814,247
ITMG.JK,E0,fold3,transformer,lookback10_d32_heads4_ff64,0.02575633763435292,0.01878735976155499,0.5365853658536586,246
ITMG.JK,E1,fold1,zero_return_naive,,0.03348721492052905,0.023380197011226237,0.06198347107438017,242
ITMG.JK,E1,fold1,xgboost,depth2_lr005,0.03358825656011973,0.024294027930653026,0.47520661157024796,242
ITMG.JK,E1,fold1,xgboost,depth3_lr003,0.033529301978666284,0.024543646108486604,0.5289256198347108,242
ITMG.JK,E1,fold2,zero_return_naive,,0.0288905492071153,0.021081356962732858,0.024291497975708502,247
ITMG.JK,E1,fold2,xgboost,depth2_lr005,0.029529114029528753,0.02158388323392596,0.47368421052631576,247
ITMG.JK,E1,fold2,xgboost,depth3_lr003,0.029541358750469673,0.021645304648398443,0.46558704453441296,247
ITMG.JK,E1,fold3,zero_return_naive,,0.02569605960013185,0.01865717503035267,0.036585365853658534,246
ITMG.JK,E1,fold3,xgboost,depth2_lr005,0.025548964541082818,0.01861200137565891,0.508130081300813,246
ITMG.JK,E1,fold3,xgboost,depth3_lr003,0.025526297069800814,0.018546852457301637,0.524390243902439,246
ITMG.JK,E1,fold1,gru,lookback5_hidden16,0.03285897883460601,0.023013327965389723,0.5537190082644629,242
ITMG.JK,E1,fold2,gru,lookback5_hidden16,0.028840544135678426,0.021186219254246564,0.4817813765182186,247
ITMG.JK,E1,fold3,gru,lookback5_hidden16,0.02549023412965622,0.018589042059223477,0.540650406504065,246
ITMG.JK,E1,fold1,gru,lookback10_hidden32,0.03298334607255765,0.023102410761100693,0.5495867768595041,242
ITMG.JK,E1,fold2,gru,lookback10_hidden32,0.028800325187121483,0.02113649227726179,0.4777327935222672,247
ITMG.JK,E1,fold3,gru,lookback10_hidden32,0.025509319427641668,0.018579538077744467,0.5284552845528455,246
ITMG.JK,E1,fold1,transformer,lookback5_d16_heads2_ff32,0.032707648242164364,0.02334401569466784,0.512396694214876,242
ITMG.JK,E1,fold2,transformer,lookback5_d16_heads2_ff32,0.029225637056525054,0.02136703625770082,0.5060728744939271,247
ITMG.JK,E1,fold3,transformer,lookback5_d16_heads2_ff32,0.025660483735059865,0.018902944512826172,0.5,246
ITMG.JK,E1,fold1,transformer,lookback10_d32_heads4_ff64,0.03301206076733059,0.023278622953692638,0.5041322314049587,242
ITMG.JK,E1,fold2,transformer,lookback10_d32_heads4_ff64,0.029107382001849202,0.02125119710216668,0.48582995951417,247
ITMG.JK,E1,fold3,transformer,lookback10_d32_heads4_ff64,0.025604315226463985,0.018847093227928942,0.516260162601626,246
ITMG.JK,E2,fold1,zero_return_naive,,0.03348721492052905,0.023380197011226237,0.06198347107438017,242
ITMG.JK,E2,fold1,xgboost,depth2_lr005,0.0331265992404821,0.02390901295730214,0.5041322314049587,242
ITMG.JK,E2,fold1,xgboost,depth3_lr003,0.033122914070938585,0.023904936057092933,0.512396694214876,242
ITMG.JK,E2,fold2,zero_return_naive,,0.0288905492071153,0.021081356962732858,0.024291497975708502,247
ITMG.JK,E2,fold2,xgboost,depth2_lr005,0.029226994324019685,0.021308773924273078,0.5020242914979757,247
ITMG.JK,E2,fold2,xgboost,depth3_lr003,0.02938511607356688,0.021521651262618298,0.4979757085020243,247
ITMG.JK,E2,fold3,zero_return_naive,,0.02569605960013185,0.01865717503035267,0.036585365853658534,246
ITMG.JK,E2,fold3,xgboost,depth2_lr005,0.025587813132358122,0.018714634797168728,0.5487804878048781,246
ITMG.JK,E2,fold3,xgboost,depth3_lr003,0.025725974015514082,0.01883403192946498,0.5121951219512195,246
ITMG.JK,E2,fold1,gru,lookback5_hidden16,0.033070640180183776,0.023198671089360214,0.49586776859504134,242
ITMG.JK,E2,fold2,gru,lookback5_hidden16,0.02887545437271159,0.02124373262454963,0.46558704453441296,247
ITMG.JK,E2,fold3,gru,lookback5_hidden16,0.025515357344762866,0.01867185679559664,0.5284552845528455,246
ITMG.JK,E2,fold1,gru,lookback10_hidden32,0.032981343455559094,0.0231519128349398,0.49173553719008267,242
ITMG.JK,E2,fold2,gru,lookback10_hidden32,0.028945077020277835,0.02122298065174243,0.4574898785425101,247
ITMG.JK,E2,fold3,gru,lookback10_hidden32,0.02551184642804579,0.018637334127679497,0.524390243902439,246
ITMG.JK,E2,fold1,transformer,lookback5_d16_heads2_ff32,0.0333299721033,0.023536052461521132,0.48760330578512395,242
ITMG.JK,E2,fold2,transformer,lookback5_d16_heads2_ff32,0.028783380059837743,0.0211580495384469,0.46963562753036436,247
ITMG.JK,E2,fold3,transformer,lookback5_d16_heads2_ff32,0.025271168908103166,0.01840020447015399,0.573170731707317,246
ITMG.JK,E2,fold1,transformer,lookback10_d32_heads4_ff64,0.03331961291695483,0.023695424557009265,0.44214876033057854,242
ITMG.JK,E2,fold2,transformer,lookback10_d32_heads4_ff64,0.028979040436496448,0.021081912039066494,0.5020242914979757,247
ITMG.JK,E2,fold3,transformer,lookback10_d32_heads4_ff64,0.025404718097627007,0.018581848399670097,0.5447154471544715,246
ITMG.JK,E3,fold1,zero_return_naive,,0.03348721492052905,0.023380197011226237,0.06198347107438017,242
ITMG.JK,E3,fold1,xgboost,depth2_lr005,0.03359128531299502,0.024281052246452415,0.512396694214876,242
ITMG.JK,E3,fold1,xgboost,depth3_lr003,0.034082503392599196,0.024725561918604897,0.5041322314049587,242
ITMG.JK,E3,fold2,zero_return_naive,,0.0288905492071153,0.021081356962732858,0.024291497975708502,247
ITMG.JK,E3,fold2,xgboost,depth2_lr005,0.029085971286550247,0.021135238483714913,0.5425101214574899,247
ITMG.JK,E3,fold2,xgboost,depth3_lr003,0.029422388718258696,0.021461943256980254,0.4939271255060729,247
ITMG.JK,E3,fold3,zero_return_naive,,0.02569605960013185,0.01865717503035267,0.036585365853658534,246
ITMG.JK,E3,fold3,xgboost,depth2_lr005,0.02552148478506272,0.01874175965659124,0.5121951219512195,246
ITMG.JK,E3,fold3,xgboost,depth3_lr003,0.025605607000076393,0.018749576297023948,0.524390243902439,246
ITMG.JK,E3,fold1,gru,lookback5_hidden16,0.033158872484211295,0.023232673103622863,0.5330578512396694,242
ITMG.JK,E3,fold2,gru,lookback5_hidden16,0.028872622777951683,0.021100215775032457,0.5020242914979757,247
ITMG.JK,E3,fold3,gru,lookback5_hidden16,0.0256358044990765,0.018564030386808487,0.5203252032520326,246
ITMG.JK,E3,fold1,gru,lookback10_hidden32,0.032841439491505434,0.0229846286341598,0.5289256198347108,242
ITMG.JK,E3,fold2,gru,lookback10_hidden32,0.028942204276395857,0.021161539506012583,0.4898785425101215,247
ITMG.JK,E3,fold3,gru,lookback10_hidden32,0.025521597896576004,0.018610408153655614,0.5121951219512195,246
ITMG.JK,E3,fold1,transformer,lookback5_d16_heads2_ff32,0.03307566412204395,0.023383459654273003,0.49586776859504134,242
ITMG.JK,E3,fold2,transformer,lookback5_d16_heads2_ff32,0.028911407891093654,0.02120219206961573,0.4817813765182186,247
ITMG.JK,E3,fold3,transformer,lookback5_d16_heads2_ff32,0.025482758251686777,0.01877304094647648,0.5487804878048781,246
ITMG.JK,E3,fold1,transformer,lookback10_d32_heads4_ff64,0.03291116038613554,0.023519617273984092,0.512396694214876,242
ITMG.JK,E3,fold2,transformer,lookback10_d32_heads4_ff64,0.02935250627615042,0.021191510119944856,0.5060728744939271,247
ITMG.JK,E3,fold3,transformer,lookback10_d32_heads4_ff64,0.02570772577139875,0.019005180090453808,0.5121951219512195,246
